{
  "finnkode": "398290726",
  "url": "https://www.finn.no/realestate/homes/ad.html?finnkode=398290726",
  "tittel": "Meget pen 3-roms selveierleilighet. Overbygget uteplass. Garasjeplass. Svært sentralt!",
  "adresse": "",
  "postnummer": "",
  "poststed": "",
  "prisantydning": 0,
  "totalpris": 2963600,
  "omkostninger": 73600,
  "fellesutgifter": 3757,
  "formuesverdi": 762899,
  "boligtype": "Leilighet",
  "eierform": "Eier (Selveier)",
  "soverom": 2,
  "primærrom": 2,
  "bruksareal": 64,
  "tomteareal": 1,
  "byggeår": 2018,
  "etasje": "1",
  "fasiliteter": [
    "Balkong/TerrasseBarnevennligGarasje/P-plassHeisKjæledyr tillattKabel-TVRoligSentraltTurterrengLademulighet"
  ],
  "beskrivelse": "Velkommen til Smedstuvegen 11! Dette er en lys og pen 3-roms selveierleilighet fra 2018 med god planløsning og standard. Leiligheten ligger i 1. etasje, og inneholder gang, flott kjøkken med mye skap- og benkeplass, lys stue, to soverom og flislagt bad med gulvvarme. Utgang fra stuen til overbygget uteplass med steinheller.Det medfølger garasjeplass og sportsbod i kjelleranlegg. Leiligheten varmes opp med fjernvarme. Svært sentral beliggenhet i Nannestad med kort vei til dagligvarebutikker og servicetilbud. Det er også flere fine rekreasjonsmuligheter i Nannestad med blant annet flotte tur- og skiløyper i Romeriksåsen, samt flere bade- og fiskevann. Like ved leiligheten ligger også Nannestadhallen og fotballbane, samt den nyere svømmehallen.",
  "bilder": [],
  "megler_navn": "",
  "megler_firma": "",
  "megler_telefon": "",
  "kvadratmeterpris": 0,
  "alder": 7,
  "risikoer": [
    {
      "kategori": "parkering",
      "nøkkelord": "garasje",
      "kontekst": "meget pen 3-roms selveierleilighet. overbygget uteplass. garasjeplass. svært sentralt! velkommen til smedstuvegen 11! dette er en lys og pen 3-roms selveierleilighe",
      "alvorlighetsgrad": "lav"
    },
    {
      "kategori": "beliggenhet",
      "nøkkelord": "første etasje",
      "kontekst": "Leilighet i første etasje",
      "alvorlighetsgrad": "lav"
    }
  ],
  "høydepunkter": [
    {
      "kategori": "beliggenhet",
      "nøkkelord": "sentral",
      "kontekst": "meget pen 3-roms selveierleilighet. overbygget uteplass. garasjeplass. svært sentralt! velkommen til smedstuvegen 11! dette er en lys og pen 3-roms selveierleilighet fra 2018 med god p"
    },
    {
      "kategori": "uteareal",
      "nøkkelord": "uteplass",
      "kontekst": "meget pen 3-roms selveierleilighet. overbygget uteplass. garasjeplass. svært sentralt! velkommen til smedstuvegen 11! dette er en lys og pen 3-roms selveie"
    },
    {
      "kategori": "parkering",
      "nøkkelord": "garasje",
      "kontekst": "meget pen 3-roms selveierleilighet. overbygget uteplass. garasjeplass. svært sentralt! velkommen til smedstuvegen 11! dette er en lys og pen 3-roms selveierleilighe"
    },
    {
      "kategori": "kjøkken",
      "nøkkelord": "flott kjøkken",
      "kontekst": "ighet fra 2018 med god planløsning og standard. leiligheten ligger i 1. etasje, og inneholder gang, flott kjøkken med mye skap- og benkeplass, lys stue, to soverom og flislagt bad med gulvvarme. utgang fra stuen t"
    },
    {
      "kategori": "bad",
      "nøkkelord": "flislagt bad",
      "kontekst": "i 1. etasje, og inneholder gang, flott kjøkken med mye skap- og benkeplass, lys stue, to soverom og flislagt bad med gulvvarme. utgang fra stuen til overbygget uteplass med steinheller.det medfølger garasjeplass"
    },
    {
      "kategori": "planløsning",
      "nøkkelord": "god planløsning",
      "kontekst": "ntralt! velkommen til smedstuvegen 11! dette er en lys og pen 3-roms selveierleilighet fra 2018 med god planløsning og standard. leiligheten ligger i 1. etasje, og inneholder gang, flott kjøkken med mye skap- og ben"
    },
    {
      "kategori": "oppvarming",
      "nøkkelord": "gulvvarme",
      "kontekst": "nneholder gang, flott kjøkken med mye skap- og benkeplass, lys stue, to soverom og flislagt bad med gulvvarme. utgang fra stuen til overbygget uteplass med steinheller.det medfølger garasjeplass og sportsbod i"
    },
    {
      "kategori": "boder",
      "nøkkelord": "bod",
      "kontekst": "varme. utgang fra stuen til overbygget uteplass med steinheller.det medfølger garasjeplass og sportsbod i kjelleranlegg. leiligheten varmes opp med fjernvarme. svært sentral beliggenhet i nannestad med k"
    },
    {
      "kategori": "shopping",
      "nøkkelord": "butikker",
      "kontekst": "igheten varmes opp med fjernvarme. svært sentral beliggenhet i nannestad med kort vei til dagligvarebutikker og servicetilbud. det er også flere fine rekreasjonsmuligheter i nannestad med blant annet flotte t"
    },
    {
      "kategori": "fasiliteter",
      "nøkkelord": "heis",
      "kontekst": "Balkong/TerrasseBarnevennligGarasje/P-plassHeisKjæledyr tillattKabel-TVRoligSentraltTurterrengLademulighet"
    },
    {
      "kategori": "elbil",
      "nøkkelord": "lademulighet",
      "kontekst": "Balkong/TerrasseBarnevennligGarasje/P-plassHeisKjæledyr tillattKabel-TVRoligSentraltTurterrengLademulighet"
    }
  ]
}