{
  "finnkode": "398290726",
  "url": "https://www.finn.no/realestate/homes/ad.html?finnkode=398290726",
  "tittel": "Meget pen 3-roms selveierleilighet. Overbygget uteplass. Garasjeplass. Svært sentralt!",
  "adresse": "",
  "postnummer": "",
  "poststed": "",
  "prisantydning": 0,
  "totalpris": 2963600,
  "omkostninger": 73600,
  "fellesutgifter": 3757,
  "formuesverdi": 762899,
  "boligtype": "Leilighet",
  "eierform": "Eier (Selveier)",
  "soverom": 2,
  "primærrom": 2,
  "bruksareal": 64,
  "tomteareal": 1,
  "byggeår": 2018,
  "etasje": "1",
  "fasiliteter": [
    "Balkong/TerrasseBarnevennligGarasje/P-plassHeisKjæledyr tillattKabel-TVRoligSentraltTurterrengLademulighet"
  ],
  "beskrivelse": "Velkommen til Smedstuvegen 11! Dette er en lys og pen 3-roms selveierleilighet fra 2018 med god planløsning og standard. Leiligheten ligger i 1. etasje, og inneholder gang, flott kjøkken med mye skap- og benkeplass, lys stue, to soverom og flislagt bad med gulvvarme. Utgang fra stuen til overbygget uteplass med steinheller.Det medfølger garasjeplass og sportsbod i kjelleranlegg. Leiligheten varmes opp med fjernvarme. Svært sentral beliggenhet i Nannestad med kort vei til dagligvarebutikker og servicetilbud. Det er også flere fine rekreasjonsmuligheter i Nannestad med blant annet flotte tur- og skiløyper i Romeriksåsen, samt flere bade- og fiskevann. Like ved leiligheten ligger også Nannestadhallen og fotballbane, samt den nyere svømmehallen.",
  "bilder": [],
  "megler_navn": "",
  "megler_firma": "",
  "megler_telefon": "",
  "kvadratmeterpris": 0,
  "alder": 7,
  "risikoer": [],
  "høydepunkter": []
}